{"rf": {"accuracy": 0.981, "f1": 0.9414784394250513, "recall": 0.9133466135458167}, "gnn": {"accuracy": 0.585, "f1": 0.3778110944527736, "recall": 0.7801857585139319}}